{
  "config": {
    "dataset": "data/complete_dataset",
    "split": "test",
    "conf_threshold": 0.01,
    "yolo_path": "models/yolo/yolov8x/best.pt",
    "detr_path": "models/rt-detr/rt-detr-101/m"
  },
  "metrics": {
    "mAP50": 0.680439300077676,
    "mAP50_95": 0.5172720402165736,
    "mAR50": 0.8830690402442917,
    "precision": 0.012784719621395255,
    "recall": 0.8750873922162666,
    "f1": 0.025201257713900287
  },
  "per_class_AP50": {
    "glass": 0.6849826860718913,
    "metal": 0.8870742796002336,
    "organic": 0.7216800295668528,
    "paper": 0.5044338421841487,
    "plastic": 0.6040256629652533
  },
  "per_class_AR50": {
    "glass": 0.8399264029438822,
    "metal": 0.9486754966887417,
    "organic": 0.8902439024390244,
    "paper": 0.9528795811518325,
    "plastic": 0.7836198179979778
  },
  "ap_per_iou": {
    "IoU_0.50": 0.680439300077676,
    "IoU_0.55": 0.6692806111369259,
    "IoU_0.60": 0.6564084623272477,
    "IoU_0.65": 0.6367319563341635,
    "IoU_0.70": 0.612931469158618,
    "IoU_0.75": 0.5759894833290097,
    "IoU_0.80": 0.5125446896214062,
    "IoU_0.85": 0.43138257232719407,
    "IoU_0.90": 0.2984522550467304,
    "IoU_0.95": 0.09855960280676379
  },
  "counts": {
    "images": 2186,
    "total_gt": 4291,
    "total_pred": 293710,
    "tp": 3755,
    "fp": 289955,
    "fn": 536
  },
  "timing": {
    "avg_ms": 46.068654623145044,
    "median_ms": 45.60351371765137,
    "fps": 21.706733313145133
  }
}